1,213,450,dalma.jpeg,640,915
2,206,472,dalma.jpeg,640,915
3,209,497,dalma.jpeg,640,915
4,215,527,dalma.jpeg,640,915
5,228,555,dalma.jpeg,640,915
6,253,572,dalma.jpeg,640,915
7,277,578,dalma.jpeg,640,915
8,303,585,dalma.jpeg,640,915
9,333,582,dalma.jpeg,640,915
10,360,571,dalma.jpeg,640,915
11,380,555,dalma.jpeg,640,915
12,401,537,dalma.jpeg,640,915
13,414,509,dalma.jpeg,640,915
14,414,483,dalma.jpeg,640,915
15,408,461,dalma.jpeg,640,915
16,406,438,dalma.jpeg,640,915
17,219,392,dalma.jpeg,640,915
18,220,375,dalma.jpeg,640,915
19,244,361,dalma.jpeg,640,915
20,265,357,dalma.jpeg,640,915
21,281,357,dalma.jpeg,640,915
22,309,352,dalma.jpeg,640,915
23,336,351,dalma.jpeg,640,915
24,356,354,dalma.jpeg,640,915
25,382,370,dalma.jpeg,640,915
26,393,397,dalma.jpeg,640,915
27,263,375,dalma.jpeg,640,915
28,259,387,dalma.jpeg,640,915
29,252,401,dalma.jpeg,640,915
30,256,415,dalma.jpeg,640,915
31,247,430,dalma.jpeg,640,915
32,237,444,dalma.jpeg,640,915
33,231,460,dalma.jpeg,640,915
34,229,481,dalma.jpeg,640,915
35,244,488,dalma.jpeg,640,915
36,208,422,dalma.jpeg,640,915
37,221,410,dalma.jpeg,640,915
38,240,413,dalma.jpeg,640,915
40,232,431,dalma.jpeg,640,915
41,218,431,dalma.jpeg,640,915
39,248,421,dalma.jpeg,640,915
42,294,412,dalma.jpeg,640,915
43,313,415,dalma.jpeg,640,915
44,336,428,dalma.jpeg,640,915
45,343,443,dalma.jpeg,640,915
46,318,445,dalma.jpeg,640,915
47,302,435,dalma.jpeg,640,915
48,227,510,dalma.jpeg,640,915
49,240,502,dalma.jpeg,640,915
50,257,499,dalma.jpeg,640,915
51,270,501,dalma.jpeg,640,915
52,285,505,dalma.jpeg,640,915
53,298,510,dalma.jpeg,640,915
54,312,516,dalma.jpeg,640,915
55,296,529,dalma.jpeg,640,915
56,277,534,dalma.jpeg,640,915
57,260,531,dalma.jpeg,640,915
58,246,525,dalma.jpeg,640,915
59,235,519,dalma.jpeg,640,915
60,240,514,dalma.jpeg,640,915
61,251,514,dalma.jpeg,640,915
62,262,515,dalma.jpeg,640,915
63,273,516,dalma.jpeg,640,915
64,281,519,dalma.jpeg,640,915
65,292,519,dalma.jpeg,640,915
66,300,520,dalma.jpeg,640,915
67,222,350,dalma.jpeg,640,915
68,220,319,dalma.jpeg,640,915
69,251,286,dalma.jpeg,640,915
70,287,272,dalma.jpeg,640,915
71,330,273,dalma.jpeg,640,915
72,384,289,dalma.jpeg,640,915
73,390,334,dalma.jpeg,640,915